#,Programa,Segmento,Prioridad,Institución,Área,Titular,Cargo,Correo electrónico,Teléfono,Ciudad,Dirección,Fuente (URL),Confianza,Notas
1,Ambos,Legislativo,Alta,Congreso del Estado de Coahuila,Contacto general,,,contacto@congresocoahuila.gob.mx,(844) 242 11 00,Saltillo,"Blvd. Francisco Coss s/n esq. Obregón, Zona Centro, C.P. 25000",https://www.congresocoahuila.gob.mx/portal/correo-electronico/,Alta,LXIII Legislatura termina 31/12/2026; en 2027 entra la nueva. Pedir directorio de diputados electos.
2,Derecho Parlamentario,Legislativo,Alta,Congreso del Estado de Coahuila,Webmaster / correo institucional,,,webmaster@congresocoahuila.gob.mx,(844) 242 11 00,Saltillo,"Blvd. Francisco Coss s/n, Zona Centro",https://www.congresocoahuila.gob.mx/portal/correo-electronico/,Alta,Usar como respaldo del correo de contacto.
3,Derecho Parlamentario,Legislativo,Alta,Congreso del Estado de Coahuila,Instituto de Investigaciones Jurídicas y Parlamentarias,,,,(844) 242 10 39,Saltillo,"Biblioteca del Congreso, Blvd. Francisco Coss y Acuña s/n, Zona Centro",https://www.congresocoahuila.gob.mx/coahuila/congreso.html,Media,Aliado natural para cursos de técnica legislativa. Pedir correo del titular.
4,Derecho Parlamentario,Legislativo,Alta,Congreso del Estado de Coahuila,Diputadas y diputados (25),,Diputados LXIII Legislatura,,(844) 242 11 00,Saltillo,,https://www.congresocoahuila.gob.mx/portal/diputados/,Media,Correos individuales en el portal de diputados (sitio bloqueado desde este entorno). Llenar hoja 'Pendientes'.
5,Ambos,Fiscalización,Media,Auditoría Superior del Estado de Coahuila (ASEC),Contacto general,,,asecoahuila@asecoahuila.gob.mx,(844) 171 70 00,Saltillo,"Los Fundadores 7269, Col. Ampliación Mirasierra, C.P. 25016",https://www.asecoahuila.gob.mx/contacto/,Alta,Órgano técnico del Congreso. Directorio completo en su sección de transparencia.
6,Derecho Parlamentario,Órganos autónomos,Media,Instituto Electoral de Coahuila (IEC),Oficialía de partes,,,oficialiadepartes@iec.org.mx,(844) 438 62 60 / 800 00 43722,Saltillo,"Blvd. Luis Donaldo Colosio 6207, Col. Las Torrecillas, C.P. 25298",https://iec.org.mx/v1/,Alta,
7,Derecho Parlamentario,Órganos autónomos,Media,Tribunal Electoral del Estado de Coahuila,Contacto general,,,,(844) 439 34 76 / 439 34 77 / 502 21 19,Saltillo,"Blvd. Eulalio Gutiérrez Treviño 551, Fracc. Cruz del Aire, C.P. 25296",https://www.tecz.org.mx/,Media,Correo no localizado; revisar tecz.org.mx.
8,Ambos,Órganos autónomos,Media,INTRAC – Organismo de Información y Transparencia de Coahuila,Contacto general,,,intrac@coahuila.gob.mx,(844) 986 98 00,Saltillo,"Perif. Luis Echeverría esq. Eje 2, Centro Metropolitano, C.P. 25020",https://www.intrac.gob.mx/contactanos/,Alta,Tiene el directorio de unidades de transparencia de todos los sujetos obligados.
9,Maestría DATESP,Derechos humanos,Media,Comisión de los Derechos Humanos del Estado de Coahuila (CDHEC),Visitaduría General,,,visitadorgral@cdhec.org.mx,(844) 416 21 10 / 439 36 75 / 800 841 23 00,Saltillo,"Ignacio Allende 226, Zona Centro, C.P. 25000",https://cdhec.org.mx/v2/Sedes.html,Alta,
10,Maestría DATESP,Derechos humanos,Baja,Comisión de los Derechos Humanos del Estado de Coahuila (CDHEC),Primera Visitaduría Regional (Sureste),,,primeravisitaduria@cdhec.org.mx,(844) 416 20 50,Saltillo,,https://cdhec.org.mx/v2/Sedes.html,Alta,
11,Maestría DATESP,Derechos humanos,Baja,Comisión de los Derechos Humanos del Estado de Coahuila (CDHEC),Segunda Visitaduría Regional (Laguna),,,torreon@cdhec.org.mx,(871) 793 03 23,Torreón,,https://cdhec.org.mx/v2/Sedes.html,Alta,
12,Derecho Parlamentario,Ejecutivo estatal,Media,Secretaría de Gobierno de Coahuila,Conmutador,,,,(844) 411 85 00 / 411 85 88 / 411 86 34,Saltillo,"Palacio de Gobierno, Juárez y Zaragoza s/n, Zona Centro, C.P. 25000",https://coahuila.gob.mx/dependencias/index/SEGOB,Media,Pedir enlace legislativo y Consejería Jurídica. Titular vigente: ver coahuila.gob.mx/directorio.
13,Maestría DATESP,Tecnología / Economía,Media,Secretaría de Economía de Coahuila,Despacho,,,despacho.sec@coahuila.gob.mx,(844) 415 21 62 / 416 52 74 ext. 4805,Saltillo,"Perif. Luis Echeverría 1560, Torre Saltillo piso 12, Col. Guanajuato Ote., C.P. 25286",https://www.seccoahuila.gob.mx/directorio.html,Media,Enlace con clústeres e innovación / tecnologías emergentes.
14,Ambos,Justicia,Alta,Poder Judicial del Estado de Coahuila,Instituto de Especialización Judicial,,,instituto.judicial@pjecz.gob.mx,(844) 777 45 38,Saltillo,"Blvd. Los Fundadores 7435, Col. Ex Hacienda San José de los Cerritos, C.P. 25294",https://www.pjecz.gob.mx/conocenos/estructura/tribunal-superior-de-justicia/organos-no-jurisdiccionales/instituto-de-especializacion-judicial/directorio/,Alta,Área de capacitación del Poder Judicial: ideal para convenio.
15,Ambos,Justicia,Media,Poder Judicial del Estado de Coahuila,Conmutador general,,,,(844) 777 44 98,Saltillo,"Francisco Coss 945, Zona Centro",https://www.pjecz.gob.mx/,Alta,
16,Maestría DATESP,Justicia,Media,Tribunal de Justicia Administrativa de Coahuila,Contacto general,,,,(844) 123 03 10,Saltillo,"Blvd. Francisco Coss s/n, Zona Centro, C.P. 25000",https://tjacoahuila.org/contacto.html,Media,Correo protegido en la página; consultar sitio.
17,Maestría DATESP,Procuración de justicia,Alta,Fiscalía General del Estado de Coahuila,Oficinas centrales,,,,(844) 438 07 00,Saltillo,"Humberto Castilla Salas 600, Nuevo Centro Metropolitano, C.P. 25050",https://sitio.fgecoahuila.gob.mx/contact/,Alta,"Pedir el Centro de Profesionalización, Acreditación, Certificación y Carrera."
18,Maestría DATESP,Procuración de justicia,Media,Fiscalía General del Estado de Coahuila,Policía Cibernética (FGE),,,policiacibernetica.fge@coahuila.gob.mx,(844) 438 07 00 ext. 7579,Saltillo,,https://www.facebook.com/PoliciaCiberneticaCoahuila,Media,Perfil para tecnologías emergentes / evidencia digital.
19,Maestría DATESP,Procuración de justicia,Baja,Fiscalía General del Estado de Coahuila,Delegación Laguna I,,,,(871) 180 12 06,Torreón,,https://fgecoahuila.gob.mx/landing/delegaciones,Media,
20,Maestría DATESP,Procuración de justicia,Baja,Fiscalía General del Estado de Coahuila,Delegación Sureste,,,,(844) 433 00 23 / 438 76 00,Saltillo,,https://fgecoahuila.gob.mx/landing/delegaciones,Media,
21,Maestría DATESP,Procuración de justicia,Baja,Fiscalía General del Estado de Coahuila,Delegación Centro,,,,(861) 612 12 49,Región Centro,,https://fgecoahuila.gob.mx/landing/delegaciones,Media,Número de la búsqueda; confirmar clave lada.
22,Maestría DATESP,Procuración de justicia,Baja,Fiscalía General del Estado de Coahuila,Delegación Norte II,,,,(877) 773 22 64,Acuña,,https://fgecoahuila.gob.mx/landing/delegaciones,Media,
23,Maestría DATESP,Procuración de justicia,Baja,Fiscalía General del Estado de Coahuila,Delegación Laguna II,,,,(872) 772 35 45,San Pedro,,https://fgecoahuila.gob.mx/landing/delegaciones,Media,
24,Maestría DATESP,Seguridad estatal,Alta,Secretaría de Seguridad Pública de Coahuila,Despacho,,,,(844) 438 98 00 ext. 7913,Saltillo,"Perif. Luis Echeverría Álvarez 5402 Int. 1, Centro Metropolitano, C.P. 25050",https://www.sspcoahuila.gob.mx/directorioSSP.html,Alta,Pedir Dirección de Profesionalización / Recursos Humanos.
25,Maestría DATESP,Seguridad estatal,Media,Secretaría de Seguridad Pública de Coahuila,Coordinación Administrativa,,,,(844) 438 98 00 ext. 8047,Saltillo,,https://www.sspcoahuila.gob.mx/directorioSSP.html,Alta,
26,Maestría DATESP,Seguridad estatal,Media,Secretaría de Seguridad Pública de Coahuila,Policía Cibernética (SSP),,,policiacibernetica.ssp@coahuila.gob.mx,(844) 438 98 00 ext. 7946,Saltillo,,https://www.facebook.com/PoliciaCiberneticaCoahuila,Media,
27,Maestría DATESP,Seguridad estatal,Media,Policía del Estado de Coahuila,Línea general,,,,(844) 438 98 01,Saltillo,,https://www.sspcoahuila.gob.mx/directorioSSP.html,Alta,
28,Maestría DATESP,Seguridad estatal,Alta,Secretariado Ejecutivo del Sistema Estatal de Seguridad Pública,Contacto general,,,,(844) 438 98 00,Saltillo,"Perif. Luis Echeverría Álvarez 5402 Int. 1, Centro Metropolitano, C.P. 25050",http://www.secespcoahuila.gob.mx/,Media,Maneja profesionalización y fondos FASP: clave para becas/convenios.
29,Maestría DATESP,Formación policial,Alta,Universidad de Ciencias de la Seguridad – Campus Ramos Arizpe (Academia de Policía),Dirección,,,usc.direccion2021@gmail.com,(844) 438 06 99,Ramos Arizpe,"Av. Industria de la Transformación s/n, Parque Industrial Ramos Arizpe, C.P. 25903",https://sic.cultura.gob.mx/ficha.php?table=universidad&table_id=3256,Media,Correo Gmail publicado como institucional; confirmar por teléfono.
30,Maestría DATESP,Formación policial,Media,Academia de Policía – Sede Matamoros,Contacto,,,,(871) 757 00 61,Matamoros,"Carretera Torreón-Matamoros km 7.5, Ejido San Miguel",https://www.elsiglodetorreon.com.mx/noticia/2025/iniciaran-academias-de-policia-en-todo-coahuila.html,Media,
31,Maestría DATESP,Seguridad municipal,Alta,Comisaría de Seguridad y Protección Ciudadana de Saltillo,Contacto general,,,,(844) 481 89 30,Saltillo,"Periférico LEA y Blvd. Pérez Treviño s/n, Col. San Ramón",https://www.comisariadeseguridadsaltillo.gob.mx/contacto,Media,
32,Maestría DATESP,Seguridad municipal,Alta,Dirección de Seguridad Pública Municipal de Torreón,Contacto general,,,,(871) 729 00 99,Torreón,"Periférico Raúl López Sánchez y Av. Bravo s/n, Col. La Amistad",http://policia.torreon.gob.mx/,Media,
33,Maestría DATESP,Medio ambiente estatal,Alta,Secretaría de Medio Ambiente de Coahuila (SMA),Buzón general,,,buzon@sma.gob.mx,(844) 698 10 98 / 698 10 91 / 698 10 92,Saltillo,"Centro de Gobierno 2º piso, Carr. 57 y Blvd. Centenario de Torreón, C.P. 25294",https://sma.gob.mx/,Alta,
34,Maestría DATESP,Medio ambiente estatal,Alta,Secretaría de Medio Ambiente de Coahuila (SMA),Subsecretaría de Recursos Naturales,Olga Leticia Rumayor Rodríguez,Subsecretaria,olga.rumayor@coahuila.gob.mx,(844) 698 10 98 ext. 7250,Saltillo,Centro de Gobierno 2º piso,https://sma.gob.mx/wp-content/uploads/2026/06/IIIDIRECTORIO-JUNIO.pdf,Alta,Directorio oficial de junio 2026.
35,Maestría DATESP,Medio ambiente estatal,Alta,Secretaría de Medio Ambiente de Coahuila (SMA),Subsecretaría de Gestión Ambiental,Santiago Barrios Rosillo,Subsecretario,santiago.barrios@coahuila.gob.mx,(844) 698 10 98 ext. 7252,Saltillo,Centro de Gobierno 2º piso,https://sma.gob.mx/wp-content/uploads/2026/06/IIIDIRECTORIO-JUNIO.pdf,Alta,Directorio oficial de junio 2026.
36,Maestría DATESP,Medio ambiente estatal,Alta,Procuraduría de Protección al Ambiente del Estado de Coahuila (PROPAEC),Contacto general,,,,(844) 698 10 88,Saltillo,"Centro de Gobierno 2º piso, Carr. 57 km 6.5",https://mexicoindustry.com/empresa/procuraduria-de-proteccion-al-ambiente-del-estado-de-coahuila,Media,Inspección ambiental estatal.
37,Maestría DATESP,Medio ambiente federal,Alta,PROFEPA – Oficina de Representación Coahuila,Encargado de despacho,Raúl Alejandro Araiza Vargas,Encargado de despacho,raul.araiza@profepa.gob.mx,(844) 485 09 83 ext. 18305,Saltillo,"Dr. Lázaro Benavides 835 Nte., Fracc. Nueva España, C.P. 25210",https://ventanillaunica.economia.gob.mx/media/Directorio%20oficinas%20de%20representaci%C3%B3n%20PROFEPA.pdf,Media,Directorio de 2024; el titular pudo cambiar.
38,Maestría DATESP,Medio ambiente federal,Media,SEMARNAT – Oficina de Representación Coahuila,Contacto ciudadano,,,contacto.ciudadano@semarnat.gob.mx,(844) 439 17 23 / 55 5490 0900 ext. 38401,Saltillo,"Blvd. Saltillo 509, Col. República Oriente, C.P. 25280 (verificar)",https://www.gob.mx/semarnat/acciones-y-programas/directorio-semarnat,Media,Correo nacional; pedir el de la oficina en Coahuila.
39,Maestría DATESP,Medio ambiente federal,Media,CONAGUA – Dirección Local Coahuila,Contacto,,,,(844) 171 51 60 ext. 110,Saltillo,"Carr. 57 km 7.5 s/n, Col. El Sauz, C.P. 25294",https://pnt.conagua.gob.mx/pnt/sgih-gdr/RO/Directorio_UR.pdf,Media,También hay oficina en Torreón (Calz. Manuel Ávila Camacho 2777 Ote.).
40,Maestría DATESP,Medio ambiente federal,Media,CONANP – APFF Cuatrociénegas,Dirección del ANP,Juan Carlos Ibarra Flores,Director,cienegas@conanp.gob.mx,(869) 696 09 87,Cuatro Ciénegas,"Escobedo 200 Pte., Centro, C.P. 27640",https://www.conanp.gob.mx/anp/consulta/anps.pdf,Media,Titular por confirmar; otro correo publicado: jibarra@conanp.gob.mx
41,Maestría DATESP,Medio ambiente municipal,Alta,Municipio de Saltillo,Dirección de Medio Ambiente y Desarrollo Sustentable,,,medioambiente@saltillo.gob.mx,(844) 438 25 00 / 414 49 29,Saltillo,"Presidente Cárdenas 840 esq. Guillermo Purcell, Zona Centro",https://saltillo.gob.mx/dependencias/medio-ambiente-y-desarrollo-sustentable/,Alta,
42,Maestría DATESP,Medio ambiente municipal,Alta,Municipio de Torreón,Dirección General de Medio Ambiente,,,medioambientetorreon@gmail.com,(871) 500 70 00 ext. 1437,Torreón,"Allende 333, Centro",https://www.torreon.gob.mx/medioambiente/vigilancia.html,Media,Correo Gmail publicado por el municipio.
43,Maestría DATESP,Agua,Baja,Aguas de Saltillo,Atención a clientes,,,,073 / (844) 438 01 99,Saltillo,,https://www.aguasdesaltillo.com/contacto/,Media,Pedir área de recursos humanos/capacitación.
44,Maestría DATESP,Agua,Baja,SIMAS Torreón,Oficinas centrales,,,,(871) 749 17 00,Torreón,"Blvd. Independencia 308, Centro",https://www.simastorreon.gob.mx/simas.php,Media,
45,Ambos,Municipal,Alta,Municipio de Saltillo,Presidencia Municipal,,,,(844) 438 26 05,Saltillo,"Blvd. Francisco Coss 745, C.P. 25000",https://saltillo.gob.mx/dependencias/atencion-ciudadana/,Media,Pedir Secretaría del Ayuntamiento / cabildo.
46,Ambos,Municipal,Alta,Municipio de Torreón,Presidencia Municipal,,,,(871) 500 70 00 ext. 1304 / 1334,Torreón,"Av. Allende 333 Pte., Centro, C.P. 27000",https://www.torreon.gob.mx/,Media,Cabildo de 17 regidores + síndico.
47,Ambos,Municipal,Media,Municipio de Monclova,Presidencia Municipal,,,contacto@monclova.gob.mx,(866) 649 28 00,Monclova,"Zaragoza Sur 332, C.P. 25700",https://sitio.monclova.gob.mx/contacto/,Alta,
48,Ambos,Municipal,Media,Municipio de Piedras Negras,Presidencia Municipal,,,,(878) 782 66 66,Piedras Negras,"16 de Septiembre s/n, C.P. 26010",https://piedrasnegras.gob.mx/directorio/directores,Media,Directorio de directores en su sitio.
49,Ambos,Municipal,Media,Municipio de Acuña,Presidencia Municipal,,,,(877) 773 14 58 / 773 08 71,Acuña,"Emilio Mendoza Cisneros 1690, Col. Aeropuerto, C.P. 26230",https://acuna.gob.mx/gobierno/directorio/,Media,
50,Ambos,Municipal,Media,Municipio de Ramos Arizpe,Presidencia Municipal,,,,(844) 180 10 00,Ramos Arizpe,"Allende 231, Centro, C.P. 25900",https://gobiernoramosarizpe.gob.mx/contact.html,Media,Zona industrial automotriz.
51,Maestría DATESP,Cámaras empresariales,Alta,CANACINTRA Saltillo (Sureste),Contacto,,,,(844) 415 72 22 ext. 109,Saltillo,"Blvd. Vito Alessio Robles 2880, Col. Nazario S. Ortiz Garza, C.P. 25100",https://www.canacintra-saltillo.org.mx/,Media,El correo publicado parece tener errata (canancintra); confirmar.
52,Maestría DATESP,Cámaras empresariales,Alta,CANACINTRA Torreón,Gerencia,,,gerencia@canacintratorreon.org,(871) 716 10 72 / 347 82 53,Torreón,"Blvd. Constitución 4, Amp. Los Ángeles, C.P. 27140",https://canacintratrc.com/socios,Media,También: recepcion@canacintratorreon.org
53,Maestría DATESP,Cámaras empresariales,Alta,COPARMEX Coahuila Sureste,Dirección,,,direccion@coparmexcoahuila.org.mx,(844) 415 86 18 / 415 89 41,Saltillo,"Av. Universidad 514, Col. Los Maestros, C.P. 25260",https://coparmexcoahuila.org.mx/,Alta,Tiene área de capacitación.
54,Maestría DATESP,Cámaras empresariales,Alta,COPARMEX Laguna,Contacto,,,,(871) 717 54 97,Torreón,"Av. Matamoros 931 Ote., Centro, C.P. 27000",https://www.coparmexlaguna.org.mx/contactus,Media,Correo protegido en su sitio.
55,Maestría DATESP,Cámaras empresariales,Media,CANACO Servytur Saltillo,Dirección,,,direccion@canacosaltillo.com.mx,(844) 134 53 90,Saltillo,"Av. Universidad 514, Fracc. Insurgentes, C.P. 25250",https://concanaco.digital/canacosaltillo/,Media,
56,Maestría DATESP,Cámaras empresariales,Media,CANACO Servytur Torreón,Contacto,,,contacto@canacotorreon.com.mx,(871) 716 88 22,Torreón,"Av. Matamoros 434, Centro, C.P. 27000",https://servercreactivo.com/Clientes/Canaco-Nuevo/contact.html,Media,También: direcciongeneral@canacotorreon.com.mx
57,Maestría DATESP,Cámaras empresariales,Media,CMIC Coahuila Sureste,Contacto,,,,(844) 415 15 41,Saltillo,"Blvd. Nazario Ortiz Garza 351, Col. Guanajuato Ote., C.P. 25286",https://cmic.org/directorio-institucional/,Media,Construcción: impacto ambiental y seguridad.
58,Maestría DATESP,Clústeres,Alta,Clúster de la Industria Automotriz de Coahuila (CIAC),Comunicación,,,comunicacion@ciac.mx,(844) 528 14 65,Saltillo,"Juan de la Barrera 1241, Col. Las Cumbres, C.P. 25270",https://ciac.mx/,Alta,Acceso a gerentes EHS y RR. HH. de armadoras y proveedores.
59,Maestría DATESP,Clústeres,Media,Clúster de Energía Coahuila,Contacto,,,contacto@clusterenergia.org,(844) 415 27 20,Saltillo,"Av. Las Américas 161, Col. Latinoamericana",https://mexicoindustry.com/empresa/cluster-de-energia-coahuila-ac,Media,Vinculado al sector minero-petrolero.
60,Ambos,Academia (aliados),Media,UAdeC – Facultad de Jurisprudencia,Coordinación,,,cpi.jurisprudencia@uadec.edu.mx,(844) 416 86 40 / 430 88 76,Saltillo,"Blvd. V. Carranza s/n, Col. República Ote., C.P. 25280",https://www.uadec.mx/jurisprudencia/,Media,Posible aliado o competencia (tiene Maestría en Derecho).
61,Ambos,Academia (aliados),Baja,UAdeC – Facultad de Derecho Unidad Torreón,Contacto,,,facultadderecho.uadec@hotmail.com,(871) 716 42 50,Torreón,"Blvd. Revolución y Donato Guerra, C.P. 27000",https://mexico.justia.com/recursos/escuelas/coahuila/uadec-torreon-facultad-de-derecho/,Baja,Correo Hotmail en directorio de terceros; confirmar.
